imageName,lat,lng,dataTime,remark,上傳者,標註者,驗證者,標籤,createdAt,updatedAt,原本有無設置人行空間,保護性,原始寬度,佔用情形(多選),行人被迫碰到的最大動態風險,樣態頻率,使用目的,思源地圖類別,思源地圖名稱,imageUrl
"00001.jpg",24.82128879931577,121.02489173412324,2022-10-22 20:00:00,"","6220a7e810be1548e5c8d09a_中梅 韓","5e748a1d4894f400bb0cf7df_哈爸","","符合規定",2022-10-23 07:35:17,2022-10-23 08:03:56,"有設置人行道或騎樓","實體人行道(有實體分隔)","輪椅可以通行（寬於100公分）",,"有機車行駛","總是如此(100%~95%)","休閒",,,https://commutag.agawork.tw//static/upload/dataset/63528cc34f042e88cc951433/image/63547e354f042e0713951435.jpg
"00002.jpg",24.821313143620806,121.02467983961107,2022-10-22 18:34:00,,"6220a7e810be1548e5c8d09a_中梅 韓","6382cf3ad8489c66ec0a5947_SHU LIAN LEE","","符合規定",2022-10-23 08:08:34,2022-11-27 11:13:12,"有設置人行道或騎樓","實體人行道(有實體分隔)","輪椅可以通行（寬於100公分）",,"有機車行駛","常如此(79~50%)","親子活動|通學|休閒",,,https://commutag.agawork.tw//static/upload/dataset/63528cc34f042e88cc951433/image/635486024f042ef94f951437.jpg
"00003.jpg",24.741219444444447,121.08495277777777,2022-10-23 09:54:00,,"6220a7e810be1548e5c8d09a_中梅 韓",,"",,2022-10-23 12:37:35,2022-10-23 12:37:35,"有人行道或騎樓","騎樓","輪椅可以通行（寬於100公分）",,"無車輛行駛","總是如此(100%~95%)","通學|親子活動",,,https://commutag.agawork.tw//static/upload/dataset/63528cc34f042e88cc951433/image/6354c50f4f042e1fce951438.jpg
"00004.jpg",24.79722777777778,120.99629166666666,2022-10-23 09:08:00,,"6220a7e810be1548e5c8d09a_中梅 韓",,"",,2022-10-23 12:39:25,2022-10-23 12:39:25,"有人行道或騎樓","實體人行道(有實體分隔)","輪椅可以通行（寬於100公分）",,"有機車行駛","總是如此(100%~95%)","通學|採購食物|採購日用|工作",,,https://commutag.agawork.tw//static/upload/dataset/63528cc34f042e88cc951433/image/6354c57d4f042e531995143a.jpg
"00005.jpg",24.798294444444448,120.99742777777777,2022-10-23 09:08:00,,"6220a7e810be1548e5c8d09a_中梅 韓",,"",,2022-10-23 12:40:08,2022-10-23 12:40:08,"沒有人行道或騎樓","沒有人行道或騎樓","沒有人行道或騎樓",,"有汽車行駛","總是如此(100%~95%)","親子活動|通學|採購食物|採購日用|工作",,,https://commutag.agawork.tw//static/upload/dataset/63528cc34f042e88cc951433/image/6354c5a84f042e1f6c95143b.jpg
"00006.jpg",24.797097222222224,120.996375,2022-10-23 08:52:00,,"6220a7e810be1548e5c8d09a_中梅 韓",,"",,2022-10-23 12:40:49,2022-10-23 12:40:49,"有人行道或騎樓","實體人行道(有實體分隔)","輪椅可以通行（寬於100公分）",,"有機車行駛","偶爾如此(29~10%)","通學|工作|休閒|親子活動",,,https://commutag.agawork.tw//static/upload/dataset/63528cc34f042e88cc951433/image/6354c5d14f042ea73495143c.jpg
"00007.jpg",24.798844444444445,120.99365277777778,2022-10-23 08:51:00,,"6220a7e810be1548e5c8d09a_中梅 韓",,"",,2022-10-23 12:41:33,2022-10-23 12:41:33,"有人行道或騎樓","實體人行道(有實體分隔)","輪椅無法通行（窄於100公分）",,"有機車行駛","有時如此(49~30%)","就醫、照護|通學|採購食物|採購日用|工作",,,https://commutag.agawork.tw//static/upload/dataset/63528cc34f042e88cc951433/image/6354c5fd4f042e221695143d.jpg
"00008.jpg",24.821731864918497,121.02599948644641,2022-10-22 19:39:00,,"6220a7e810be1548e5c8d09a_中梅 韓",,"",,2022-10-23 12:43:53,2022-10-23 12:43:53,"有設置人行道或騎樓","實體人行道(有實體分隔)","輪椅無法通行（窄於100公分）",,"無車輛行駛","總是如此(100%~95%)","親子活動|通學|採購食物|採購日用|休閒",,,https://commutag.agawork.tw//static/upload/dataset/63528cc34f042e88cc951433/image/6354c6894f042e154e95143e.jpg
"00009.jpg",24.82127906159241,121.02595925331116,2022-10-22 19:36:00,"","6220a7e810be1548e5c8d09a_中梅 韓",,"",,2022-10-23 12:53:22,2022-10-24 20:30:42,"沒有設置人行道或騎樓","沒有人行道或騎樓","沒有人行道或騎樓",,"有汽車行駛","總是如此(100%~95%)","採購日用|採購食物|通學|親子活動|休閒",,,https://commutag.agawork.tw//static/upload/dataset/63528cc34f042e88cc951433/image/6354c8c24f042e178f95143f.jpg
"00010.jpg",24.735777777777777,121.08853055555555,2022-10-23 09:25:00,,"6220a7e810be1548e5c8d09a_中梅 韓",,"",,2022-10-23 12:58:52,2022-10-23 12:58:52,"有設置人行道或騎樓","騎樓","輪椅可以通行（寬於100公分）",,"有汽車行駛","總是如此(100%~95%)","親子活動|通學|採購日用|工作",,,https://commutag.agawork.tw//static/upload/dataset/63528cc34f042e88cc951433/image/6354ca0c4f042e92f9951440.jpg
"00011.jpg",24.821162233265152,121.02487641217984,2022-10-23 17:09:00,,"6220a7e810be1548e5c8d09a_中梅 韓",,"",,2022-10-23 17:10:15,2022-10-23 17:10:15,"有設置人行道或騎樓","實體人行道(有實體分隔)","輪椅可以通行（寬於100公分）",,"有機車行駛","常如此(79~50%)","親子活動|通學|採購食物|採購日用|休閒",,,https://commutag.agawork.tw//static/upload/dataset/63528cc34f042e88cc951433/image/635504f74f042e7d59951441.jpg
"00012.jpg",24.821347789706845,121.02486534478334,2022-10-23 17:11:00,,"6220a7e810be1548e5c8d09a_中梅 韓",,"",,2022-10-23 17:12:09,2022-10-23 17:12:09,"有設置人行道或騎樓","實體人行道(有實體分隔)","輪椅可以通行（寬於100公分）",,"有機車行駛","常如此(79~50%)","親子活動|通學|採購食物|採購日用|工作|休閒",,,https://commutag.agawork.tw//static/upload/dataset/63528cc34f042e88cc951433/image/635505694f042e3bc8951442.jpg
"00013.jpg",24.821258333333333,121.02496388888889,2022-10-23 18:40:00,,"6220a7e810be1548e5c8d09a_中梅 韓",,"",,2022-10-24 16:18:28,2022-10-24 16:18:28,"有設置人行道或騎樓","實體人行道(有實體分隔)","輪椅可以通行（寬於100公分）",,"有機車行駛","通常如此(94~80%)","親子活動|通學|採購食物|採購日用|休閒",,,https://commutag.agawork.tw//static/upload/dataset/63528cc34f042e88cc951433/image/63564a544f042e8447951444.jpg
"00014.jpg",24.82052440327107,121.02669230098086,2022-10-24 17:10:00,,"6220a7e810be1548e5c8d09a_中梅 韓",,"",,2022-10-24 17:11:16,2022-10-24 17:11:16,"有設置人行道或騎樓","實體人行道(有實體分隔)","輪椅可以通行（寬於100公分）",,"有機車行駛","通常如此(94~80%)","親子活動|採購食物|通學|採購日用|休閒",,,https://commutag.agawork.tw//static/upload/dataset/63528cc34f042e88cc951433/image/635656b44f042e0fca951445.jpg
"00015.jpg",24.82110589792256,121.02501471072092,2022-10-24 17:44:00,,"6220a7e810be1548e5c8d09a_中梅 韓",,"",,2022-10-24 17:45:19,2022-10-24 17:45:19,"有設置人行道或騎樓","實體人行道(有實體分隔)","輪椅可以通行（寬於100公分）",,"有機車行駛","通常如此(94~80%)","親子活動|採購食物|休閒|採購日用|通學",,,https://commutag.agawork.tw//static/upload/dataset/63528cc34f042e88cc951433/image/63565eaf4f042e7cc3951446.jpg
"00016.jpg",24.821697238684823,121.02543666535868,2022-10-24 19:22:00,,"6220a7e810be1548e5c8d09a_中梅 韓",,"",,2022-10-24 19:23:55,2022-10-24 19:23:55,"有設置人行道或騎樓","實體人行道(有實體分隔)","輪椅可以通行（寬於100公分）",,"無車輛行駛","總是如此(100%~95%)","親子活動|通學|採購食物|採購日用|休閒",,,https://commutag.agawork.tw//static/upload/dataset/63528cc34f042e88cc951433/image/635675cb4f042e2a21951447.jpg
"00017.jpg",24.821496784348174,121.02475549703898,2022-10-24 19:26:00,,"6220a7e810be1548e5c8d09a_中梅 韓",,"",,2022-10-24 19:26:43,2022-10-24 19:26:43,"有設置人行道或騎樓","實體人行道(有實體分隔)","輪椅無法通行（窄於100公分）",,"有機車行駛","常如此(79~50%)","親子活動|通學|休閒|採購食物|採購日用",,,https://commutag.agawork.tw//static/upload/dataset/63528cc34f042e88cc951433/image/635676734f042e7bf5951448.jpg
"00018.jpg",24.81897083655055,121.02501946275565,2022-10-24 19:34:00,"","6220a7e810be1548e5c8d09a_中梅 韓",,"",,2022-10-24 19:34:41,2022-10-24 20:07:59,"沒有設置人行道或騎樓","沒有人行道或騎樓","沒有人行道或騎樓",,"無人行道或騎樓","總是如此(100%~95%)","親子活動|通學|採購日用|休閒",,,https://commutag.agawork.tw//static/upload/dataset/63528cc34f042e88cc951433/image/635678514f042e73b095144c.jpg
"00019.jpg",24.74762366429142,121.08359373063742,2022-10-24 19:49:00,,"6220a7e810be1548e5c8d09a_中梅 韓",,"",,2022-10-24 19:50:09,2022-10-24 19:50:09,"有設置人行道或騎樓","實體人行道(有實體分隔)","輪椅可以通行（寬於100公分）",,"無車輛行駛","總是如此(100%~95%)","親子活動|通學|休閒",,,https://commutag.agawork.tw//static/upload/dataset/63528cc34f042e88cc951433/image/63567bf14f042e03f895144d.jpg
"00020.jpg",24.74787096028323,121.08338861413064,2022-10-24 19:51:00,"","6220a7e810be1548e5c8d09a_中梅 韓",,"",,2022-10-24 19:52:03,2022-10-24 20:07:47,"沒有設置人行道或騎樓","沒有人行道或騎樓","沒有人行道或騎樓",,"無人行道或騎樓","常如此(79~50%)","親子活動|通學|採購食物|採購日用|休閒",,,https://commutag.agawork.tw//static/upload/dataset/63528cc34f042e88cc951433/image/63567c634f042e11a395144e.jpg
"00021.jpg",24.780812214719642,121.05937957763673,2022-10-24 20:57:00,,"6220a7e810be1548e5c8d09a_中梅 韓",,"",,2022-10-24 20:59:55,2022-10-24 20:59:55,"沒有設置人行道或騎樓","沒有人行道或騎樓","沒有人行道或騎樓",,"有汽車行駛","總是如此(100%~95%)","親子活動|通學|採購食物|休閒",,,https://commutag.agawork.tw//static/upload/dataset/63528cc34f042e88cc951433/image/63568c4b4f042e23da951450.jpg
"00022.jpg",24.83597241508107,121.01783752441408,2022-10-24 21:06:00,,"6220a7e810be1548e5c8d09a_中梅 韓",,"",,2022-10-24 21:07:30,2022-10-24 21:07:30,"有設置人行道或騎樓","實體人行道(有實體分隔)","輪椅可以通行（寬於100公分）",,"無車輛行駛","總是如此(100%~95%)","親子活動|通學|採購食物|採購日用|休閒",,,https://commutag.agawork.tw//static/upload/dataset/63528cc34f042e88cc951433/image/63568e124f042e3123951451.jpg
"00023.jpg",24.73336495868621,121.08845472335817,2022-10-25 09:59:00,"","6220a7e810be1548e5c8d09a_中梅 韓",,"",,2022-10-25 10:00:12,2022-10-25 11:12:47,"有設置人行道或騎樓","騎樓","輪椅可以通行（寬於100公分）","私人佔用（商家、住家）|私人佔用（臨時停車）","有汽車行駛","總是如此(100%~95%)","通學",,,https://commutag.agawork.tw//static/upload/dataset/63528cc34f042e88cc951433/image/6357432c4f042e15ff951453.jpg
"00024.jpg",24.73386991193183,121.08854166692616,2022-10-25 10:01:00,,"6220a7e810be1548e5c8d09a_中梅 韓",,"",,2022-10-25 10:02:00,2022-10-25 10:02:00,"沒有設置人行道或騎樓","沒有人行道或騎樓","沒有人行道或騎樓",,"有汽車行駛","總是如此(100%~95%)","親子活動|通學|採購食物",,,https://commutag.agawork.tw//static/upload/dataset/63528cc34f042e88cc951433/image/635743984f042e335e951454.jpg
"00025.jpg",24.73478409575507,121.08853312187784,2022-10-25 10:03:00,,"6220a7e810be1548e5c8d09a_中梅 韓",,"",,2022-10-25 10:04:22,2022-10-25 10:04:22,"有設置人行道或騎樓","實體人行道(有實體分隔)","輪椅可以通行（寬於100公分）",,"無車輛行駛","總是如此(100%~95%)","親子活動|通學",,,https://commutag.agawork.tw//static/upload/dataset/63528cc34f042e88cc951433/image/635744264f042eaeec951455.jpg
"00026.jpg",24.735895878815736,121.08862648354885,2022-10-25 10:06:00,,"6220a7e810be1548e5c8d09a_中梅 韓",,"",,2022-10-25 10:06:52,2022-10-25 10:06:52,"沒有設置人行道或騎樓","沒有人行道或騎樓","沒有人行道或騎樓",,"有汽車行駛","總是如此(100%~95%)","親子活動|通學|採購食物",,,https://commutag.agawork.tw//static/upload/dataset/63528cc34f042e88cc951433/image/635744bc4f042e90d5951456.jpg
"00027.jpg",24.736483494684116,121.08862126882653,2022-10-25 10:07:00,,"6220a7e810be1548e5c8d09a_中梅 韓",,"",,2022-10-25 10:08:25,2022-10-25 10:08:25,"有設置人行道或騎樓","騎樓","輪椅無法通行（窄於100公分）",,"無車輛行駛","總是如此(100%~95%)","親子活動|通學|採購食物",,,https://commutag.agawork.tw//static/upload/dataset/63528cc34f042e88cc951433/image/635745194f042e9b12951457.jpg
"00028.jpg",24.736815450689623,121.0885730393113,2022-10-25 10:09:00,,"6220a7e810be1548e5c8d09a_中梅 韓",,"",,2022-10-25 10:09:44,2022-10-25 10:09:44,"有設置人行道或騎樓","騎樓","輪椅可以通行（寬於100公分）",,"有機車行駛","通常如此(94~80%)","採購食物|親子活動|通學|採購日用",,,https://commutag.agawork.tw//static/upload/dataset/63528cc34f042e88cc951433/image/635745684f042ee5bd951458.jpg
"00029.jpg",24.737249506584867,121.08805262986178,2022-10-25 10:10:00,,"6220a7e810be1548e5c8d09a_中梅 韓",,"",,2022-10-25 10:11:15,2022-10-25 10:11:15,"有設置人行道或騎樓","騎樓","輪椅可以通行（寬於100公分）",,"無車輛行駛","總是如此(100%~95%)","親子活動|通學|就醫、照護|採購食物|採購日用|休閒",,,https://commutag.agawork.tw//static/upload/dataset/63528cc34f042e88cc951433/image/635745c34f042ecbeb951459.jpg
"00030.jpg",24.73800287236502,121.08733340437658,2022-10-25 10:12:00,,"6220a7e810be1548e5c8d09a_中梅 韓",,"",,2022-10-25 10:13:49,2022-10-25 10:13:49,"有設置人行道或騎樓","騎樓","輪椅可以通行（寬於100公分）",,"有汽車行駛","總是如此(100%~95%)","親子活動|通學|採購食物|採購日用|休閒",,,https://commutag.agawork.tw//static/upload/dataset/63528cc34f042e88cc951433/image/6357465d4f042edd6095145a.jpg
"00031.jpg",24.738517473321327,121.08684611645734,2022-10-25 10:14:00,,"6220a7e810be1548e5c8d09a_中梅 韓",,"",,2022-10-25 10:14:36,2022-10-25 10:14:36,"有設置人行道或騎樓","騎樓","輪椅可以通行（寬於100公分）",,"有汽車行駛","總是如此(100%~95%)","親子活動|就醫、照護|通學|採購食物|採購日用|休閒",,,https://commutag.agawork.tw//static/upload/dataset/63528cc34f042e88cc951433/image/6357468c4f042ed83995145b.jpg
"00032.jpg",24.7391035476555,121.08652705281854,2022-10-25 10:15:00,,"6220a7e810be1548e5c8d09a_中梅 韓",,"",,2022-10-25 10:16:23,2022-10-25 10:16:23,"有設置人行道或騎樓","騎樓","輪椅可以通行（寬於100公分）",,"無車輛行駛","總是如此(100%~95%)","親子活動|採購食物|採購日用|休閒|通學",,,https://commutag.agawork.tw//static/upload/dataset/63528cc34f042e88cc951433/image/635746f74f042e6b9595145c.jpg
"00033.jpg",24.739747054906143,121.08588390546508,2022-10-25 10:18:00,,"6220a7e810be1548e5c8d09a_中梅 韓",,"",,2022-10-25 10:18:38,2022-10-25 10:18:38,"有設置人行道或騎樓","騎樓","輪椅可以通行（寬於100公分）",,"無車輛行駛","總是如此(100%~95%)","親子活動|通學|採購食物|休閒|採購日用|工作",,,https://commutag.agawork.tw//static/upload/dataset/63528cc34f042e88cc951433/image/6357477e4f042e405895145d.jpg
"00034.jpg",24.739948274074596,121.08564494276715,2022-10-25 10:19:00,,"6220a7e810be1548e5c8d09a_中梅 韓",,"",,2022-10-25 10:19:40,2022-10-25 10:19:40,"有設置人行道或騎樓","騎樓","輪椅可以通行（寬於100公分）",,"無車輛行駛","總是如此(100%~95%)","親子活動|通學|休閒|工作",,,https://commutag.agawork.tw//static/upload/dataset/63528cc34f042e88cc951433/image/635747bc4f042eaa3795145e.jpg
"00035.jpg",24.740328223789565,121.08555836005067,2022-10-25 10:20:00,,"6220a7e810be1548e5c8d09a_中梅 韓",,"",,2022-10-25 10:20:53,2022-10-25 10:20:53,"有設置人行道或騎樓","騎樓","輪椅可以通行（寬於100公分）","私人佔用（商家、住家）|私人佔用（臨時停車）","有機車行駛","總是如此(100%~95%)","採購食物|通學|休閒",,,https://commutag.agawork.tw//static/upload/dataset/63528cc34f042e88cc951433/image/635748054f042e45d495145f.jpg
"00036.jpg",24.740520372242372,121.08544152018867,2022-10-25 10:21:00,,"6220a7e810be1548e5c8d09a_中梅 韓",,"",,2022-10-25 10:22:05,2022-10-25 10:22:05,"有設置人行道或騎樓","騎樓","輪椅可以通行（寬於100公分）","私人佔用（商家、住家）","有機車行駛","總是如此(100%~95%)","通學|休閒",,,https://commutag.agawork.tw//static/upload/dataset/63528cc34f042e88cc951433/image/6357484d4f042e380e951460.jpg
"00037.jpg",24.74085943071954,121.08531919073488,2022-10-25 10:22:00,,"6220a7e810be1548e5c8d09a_中梅 韓",,"",,2022-10-25 10:23:08,2022-10-25 10:23:08,"有設置人行道或騎樓","騎樓","輪椅可以通行（寬於100公分）","私人佔用（臨時停車）","有機車行駛","總是如此(100%~95%)","休閒|親子活動|通學|就醫、照護",,,https://commutag.agawork.tw//static/upload/dataset/63528cc34f042e88cc951433/image/6357488c4f042e02cb951461.jpg
"00038.jpg",24.74130429747237,121.08515668866987,2022-10-25 10:24:00,"私立學校在上下學時段作為家長車輛接送學生通行車道。
行人必須走馬路的車道","6220a7e810be1548e5c8d09a_中梅 韓",,"",,2022-10-25 10:26:05,2022-10-25 10:26:05,"有設置人行道或騎樓","實體人行道(有實體分隔)","輪椅可以通行（寬於100公分）","私人佔用（臨時停車）","有汽車行駛","有時如此(49~30%)","親子活動|通學",,,https://commutag.agawork.tw//static/upload/dataset/63528cc34f042e88cc951433/image/6357493d4f042ed2d8951462.jpg
"00039.jpg",24.741467478856308,121.08520760491716,2022-10-25 10:27:00,,"6220a7e810be1548e5c8d09a_中梅 韓",,"",,2022-10-25 10:27:43,2022-10-25 10:27:43,"有設置人行道或騎樓","騎樓","輪椅可以通行（寬於100公分）","私人佔用（商家、住家）","無車輛行駛","總是如此(100%~95%)","親子活動|採購日用|通學|休閒",,,https://commutag.agawork.tw//static/upload/dataset/63528cc34f042e88cc951433/image/6357499f4f042e392d951463.jpg
"00040.jpg",24.741226741712314,121.08556225435143,2022-10-25 10:28:00,,"6220a7e810be1548e5c8d09a_中梅 韓",,"",,2022-10-25 10:28:55,2022-10-25 10:28:55,"有設置人行道或騎樓","騎樓","輪椅可以通行（寬於100公分）","私人佔用（商家、住家）","有汽車行駛","總是如此(100%~95%)","親子活動|休閒|其他|通學",,,https://commutag.agawork.tw//static/upload/dataset/63528cc34f042e88cc951433/image/635749e74f042eb2f2951464.jpg
"00041.jpg",24.74088519632427,121.08606464387363,2022-10-25 10:29:00,,"6220a7e810be1548e5c8d09a_中梅 韓",,"",,2022-10-25 10:30:27,2022-10-25 10:30:27,"有設置人行道或騎樓","騎樓","輪椅可以通行（寬於100公分）","私人佔用（商家、住家）","無車輛行駛","總是如此(100%~95%)","親子活動|通學|採購日用",,,https://commutag.agawork.tw//static/upload/dataset/63528cc34f042e88cc951433/image/63574a434f042e71d9951465.jpg
"00042.jpg",24.740583710497493,121.08619332563522,2022-10-25 10:31:00,,"6220a7e810be1548e5c8d09a_中梅 韓","6220a7e810be1548e5c8d09a_中梅 韓","","符合規定",2022-10-25 10:31:44,2022-11-02 09:19:52,"有設置人行道或騎樓","騎樓","輪椅可以通行（寬於100公分）","私人佔用（臨時停車）","無車輛行駛","總是如此(100%~95%)","採購食物|採購日用|通學",,,https://commutag.agawork.tw//static/upload/dataset/63528cc34f042e88cc951433/image/63574a904f042e7fd1951466.jpg
"00043.jpg",24.740014291229578,121.08656534454319,2022-10-25 10:32:00,,"6220a7e810be1548e5c8d09a_中梅 韓",,"",,2022-10-25 10:33:21,2022-10-25 10:33:21,"有設置人行道或騎樓","騎樓","輪椅可以通行（寬於100公分）","私人佔用（商家、住家）","有汽車行駛","總是如此(100%~95%)","親子活動|採購食物|通學",,,https://commutag.agawork.tw//static/upload/dataset/63528cc34f042e88cc951433/image/63574af14f042e2611951467.jpg
"00044.jpg",24.73965430109125,121.08697308149044,2022-10-25 10:34:00,,"6220a7e810be1548e5c8d09a_中梅 韓",,"",,2022-10-25 10:34:30,2022-10-25 10:34:30,"有設置人行道或騎樓","騎樓","輪椅可以通行（寬於100公分）","私人佔用（商家、住家）","無車輛行駛","總是如此(100%~95%)","採購食物|通學|就醫、照護",,,https://commutag.agawork.tw//static/upload/dataset/63528cc34f042e88cc951433/image/63574b364f042e7565951468.jpg
"00045.jpg",24.738967313133188,121.08741235467059,2022-10-25 10:36:00,,"6220a7e810be1548e5c8d09a_中梅 韓",,"",,2022-10-25 10:36:42,2022-10-25 10:36:42,"有設置人行道或騎樓","騎樓","輪椅可以通行（寬於100公分）","私人佔用（商家、住家）","有機車行駛","總是如此(100%~95%)","其他|通學|就醫、照護",,,https://commutag.agawork.tw//static/upload/dataset/63528cc34f042e88cc951433/image/63574bba4f042e0bb9951469.jpg
"00046.jpg",24.73876725550725,121.08761259577344,2022-10-25 10:37:00,,"6220a7e810be1548e5c8d09a_中梅 韓","60e34449b652fe824b444847_哲瑋 劉","","符合規定",2022-10-25 10:37:51,2022-11-30 13:09:54,"有設置人行道或騎樓","騎樓","輪椅可以通行（寬於100公分）","私人佔用（商家、住家）","無車輛行駛","總是如此(100%~95%)","採購食物|親子活動|就醫、照護|採購日用",,,https://commutag.agawork.tw//static/upload/dataset/63528cc34f042e88cc951433/image/63574bff4f042e41c295146a.jpg
"00047.jpg",24.738341476399256,121.08796000462743,2022-10-25 10:39:00,,"6220a7e810be1548e5c8d09a_中梅 韓",,"",,2022-10-25 10:39:29,2022-10-25 10:39:29,"有設置人行道或騎樓","騎樓","輪椅可以通行（寬於100公分）","私人佔用（商家、住家）","有汽車行駛","總是如此(100%~95%)","通學|親子活動|休閒|其他|採購食物|採購日用",,,https://commutag.agawork.tw//static/upload/dataset/63528cc34f042e88cc951433/image/63574c614f042e107195146b.jpg
"00048.jpg",24.73822647112544,121.08807004240649,2022-10-25 10:40:00,,"6220a7e810be1548e5c8d09a_中梅 韓",,"",,2022-10-25 10:40:59,2022-10-25 10:40:59,"有設置人行道或騎樓","騎樓","輪椅可以通行（寬於100公分）","私人佔用（商家、住家）","無車輛行駛","總是如此(100%~95%)","",,,https://commutag.agawork.tw//static/upload/dataset/63528cc34f042e88cc951433/image/63574cbb4f042ee59495146c.jpg
"00049.jpg",24.737401269502595,121.08866024131545,2022-10-25 10:42:00,,"6220a7e810be1548e5c8d09a_中梅 韓",,"",,2022-10-25 10:42:54,2022-10-25 10:42:54,"有設置人行道或騎樓","騎樓","輪椅可以通行（寬於100公分）","私人佔用（商家、住家）","有汽車行駛","總是如此(100%~95%)","親子活動|採購食物|採購日用|休閒|通學",,,https://commutag.agawork.tw//static/upload/dataset/63528cc34f042e88cc951433/image/63574d2e4f042efbdf95146d.jpg
"00050.jpg",24.736890640068694,121.08921022979956,2022-10-25 10:44:00,,"6220a7e810be1548e5c8d09a_中梅 韓",,"",,2022-10-25 10:45:22,2022-10-25 10:45:22,"有設置人行道或騎樓","騎樓","輪椅可以通行（寬於100公分）","私人佔用（商家、住家）","有自行車行駛","通常如此(94~80%)","休閒|其他|採購食物|採購日用",,,https://commutag.agawork.tw//static/upload/dataset/63528cc34f042e88cc951433/image/63574dc24f042ea5ca95146e.jpg
"00051.jpg",24.736395499496094,121.08933985233308,2022-10-25 10:46:00,"","6220a7e810be1548e5c8d09a_中梅 韓",,"",,2022-10-25 10:46:58,2022-10-25 11:15:50,"有設置人行道或騎樓","騎樓","輪椅可以通行（寬於100公分）","私人佔用（商家、住家）|私人佔用（臨時停車）","有汽車行駛","總是如此(100%~95%)","親子活動|休閒|其他|採購食物|採購日用|通學",,,https://commutag.agawork.tw//static/upload/dataset/63528cc34f042e88cc951433/image/63574e224f042e0c2795146f.jpg
"00052.jpg",24.735862963090227,121.08920698366319,2022-10-25 10:47:00,,"6220a7e810be1548e5c8d09a_中梅 韓",,"",,2022-10-25 10:48:16,2022-10-25 10:48:16,"有設置人行道或騎樓","騎樓","輪椅可以通行（寬於100公分）","私人佔用（商家、住家）|私人佔用（臨時停車）","有機車行駛","總是如此(100%~95%)","親子活動|休閒|採購日用|通學",,,https://commutag.agawork.tw//static/upload/dataset/63528cc34f042e88cc951433/image/63574e704f042e6ced951470.jpg
"00053.jpg",24.735653696651013,121.08936382605724,2022-10-25 10:49:00,,"6220a7e810be1548e5c8d09a_中梅 韓",,"",,2022-10-25 10:49:49,2022-10-25 10:49:49,"有設置人行道或騎樓","騎樓","輪椅可以通行（寬於100公分）","私人佔用（商家、住家）|私人佔用（臨時停車）","有汽車行駛","總是如此(100%~95%)","親子活動|通學|採購食物|採購日用",,,https://commutag.agawork.tw//static/upload/dataset/63528cc34f042e88cc951433/image/63574ecd4f042e843b951471.jpg
"00054.jpg",24.73470970938118,121.08944177627565,2022-10-25 10:51:00,"","6220a7e810be1548e5c8d09a_中梅 韓",,"",,2022-10-25 10:51:32,2022-10-25 11:15:19,"有設置人行道或騎樓","騎樓","輪椅可以通行（寬於100公分）","私人佔用（商家、住家）|私人佔用（臨時停車）","有汽車行駛","總是如此(100%~95%)","親子活動|通學|其他",,,https://commutag.agawork.tw//static/upload/dataset/63528cc34f042e88cc951433/image/63574f344f042efa3f951472.jpg
"00055.jpg",24.734368650798466,121.08940958976747,2022-10-25 10:52:00,"","6220a7e810be1548e5c8d09a_中梅 韓",,"",,2022-10-25 10:52:58,2022-10-25 11:14:50,"有設置人行道或騎樓","騎樓","輪椅可以通行（寬於100公分）","私人佔用（商家、住家）|私人佔用（臨時停車）","有汽車行駛","總是如此(100%~95%)","親子活動|通學|採購食物|採購日用",,,https://commutag.agawork.tw//static/upload/dataset/63528cc34f042e88cc951433/image/63574f8a4f042e531b951473.jpg
"00056.jpg",24.733053130361498,121.08993530273439,2022-10-25 10:54:00,"","6220a7e810be1548e5c8d09a_中梅 韓",,"",,2022-10-25 10:54:35,2022-10-25 11:14:21,"有設置人行道或騎樓","騎樓","輪椅可以通行（寬於100公分）","私人佔用（商家、住家）|私人佔用（臨時停車）","有汽車行駛","總是如此(100%~95%)","親子活動|通學|採購食物",,,https://commutag.agawork.tw//static/upload/dataset/63528cc34f042e88cc951433/image/63574feb4f042e2684951474.jpg
"00057.jpg",24.733676786229168,121.08843326568604,2022-10-25 10:56:00,"","6220a7e810be1548e5c8d09a_中梅 韓",,"",,2022-10-25 10:56:42,2022-10-25 11:13:13,"有設置人行道或騎樓","騎樓","輪椅可以通行（寬於100公分）","私人佔用（商家、住家）|私人佔用（臨時停車）","有汽車行駛","總是如此(100%~95%)","親子活動|通學|採購食物",,,https://commutag.agawork.tw//static/upload/dataset/63528cc34f042e88cc951433/image/6357506a4f042e8076951475.jpg
"00058.jpg",24.748341542219528,121.08248949050903,2022-10-25 16:49:00,,"6220a7e810be1548e5c8d09a_中梅 韓","60e34449b652fe824b444847_哲瑋 劉","","符合規定",2022-10-25 16:49:48,2022-11-30 13:09:29,"有設置人行道或騎樓","實體人行道(有實體分隔)","輪椅可以通行（寬於100公分）","公共設施阻礙（機電設備）","無車輛行駛","總是如此(100%~95%)","親子活動|通學|採購食物|採購日用|休閒",,,https://commutag.agawork.tw//static/upload/dataset/63528cc34f042e88cc951433/image/6357a32c4f042e71ea951478.jpg
"00059.jpg",24.73355010638414,121.09292864799501,2022-10-25 19:43:00,,"6220a7e810be1548e5c8d09a_中梅 韓",,"",,2022-10-25 19:44:56,2022-10-25 19:44:56,"沒有設置人行道或騎樓","沒有人行道或騎樓","沒有人行道或騎樓","沒有人行道或騎樓","有汽車行駛","總是如此(100%~95%)","親子活動|採購食物|採購日用|休閒",,,https://commutag.agawork.tw//static/upload/dataset/63528cc34f042e88cc951433/image/6357cc384f042e1e31951479.jpg
"00060.jpg",24.82126445500595,121.02497220039369,2022-10-26 18:44:00,,"6220a7e810be1548e5c8d09a_中梅 韓",,"",,2022-10-26 18:45:16,2022-10-26 18:45:16,"有設置人行道或騎樓","實體人行道(有實體分隔)","輪椅可以通行（寬於100公分）","私人佔用（臨時停車）","有機車行駛","總是如此(100%~95%)","親子活動|通學|採購食物|採購日用|休閒",,,https://commutag.agawork.tw//static/upload/dataset/63528cc34f042e88cc951433/image/63590fbc4f042eae7295147d.jpg
"00061.jpg",24.82125912581198,121.0249726153674,2022-10-27 18:14:00,,"6220a7e810be1548e5c8d09a_中梅 韓",,"",,2022-10-27 18:14:57,2022-10-27 18:14:57,"有設置人行道或騎樓","實體人行道(有實體分隔)","輪椅可以通行（寬於100公分）","私人佔用（臨時停車）","有機車行駛","總是如此(100%~95%)","親子活動|採購食物|休閒|採購日用|通學",,,https://commutag.agawork.tw//static/upload/dataset/63528cc34f042e88cc951433/image/635a5a214f042e25eb95147e.jpg
"00062.jpg",25.037871022216382,121.50793254181637,2022-10-28 17:30:00,,"635ba0e44f042e75dd95147f_Keith Han",,"",,2022-10-28 17:31:24,2022-10-28 17:31:24,"有設置人行道或騎樓","騎樓","輪椅可以通行（寬於100公分）","私人佔用（商家、住家）|私人佔用（臨時停車）","無人行道或騎樓","總是如此(100%~95%)","通學|工作",,,https://commutag.agawork.tw//static/upload/dataset/63528cc34f042e88cc951433/image/635ba16c4f042eca83951480.jpg
"00063.jpg",25.040715477302484,121.50759887706634,2022-10-28 18:06:00,,"635ba0e44f042e75dd95147f_Keith Han",,"",,2022-10-28 18:08:08,2022-10-28 18:08:08,"有設置人行道或騎樓","騎樓","輪椅可以通行（寬於100公分）","私人佔用（臨時停車）","有自行車行駛","通常如此(94~80%)","工作",,,https://commutag.agawork.tw//static/upload/dataset/63528cc34f042e88cc951433/image/635baa084f042e36be951481.jpg
"00064.jpg",25.04330997141651,121.50817558191987,2022-10-28 18:13:00,,"635ba0e44f042e75dd95147f_Keith Han",,"",,2022-10-28 18:14:20,2022-10-28 18:14:20,"有設置人行道或騎樓",,"輪椅可以通行（寬於100公分）","私人佔用（商家、住家）|私人佔用（臨時停車）","無車輛行駛","通常如此(94~80%)","",,,https://commutag.agawork.tw//static/upload/dataset/63528cc34f042e88cc951433/image/635bab7c4f042e8f04951482.jpg
"00065.jpg",24.82121089750753,121.02503120899202,2022-10-29 19:22:00,,"6220a7e810be1548e5c8d09a_中梅 韓",,"",,2022-10-29 19:23:03,2022-10-29 19:23:03,"有設置人行道或騎樓","實體人行道(有實體分隔)","輪椅可以通行（寬於100公分）","私人佔用（臨時停車）","有機車行駛","總是如此(100%~95%)","親子活動|採購食物|休閒|採購日用|通學",,,https://commutag.agawork.tw//static/upload/dataset/63528cc34f042e88cc951433/image/635d0d174f042eea3b951483.jpg
"00066.jpg",24.832451538747726,121.0087571333371,2022-10-30 12:05:00,,"6220a7e810be1548e5c8d09a_中梅 韓",,"",,2022-10-30 12:06:24,2022-10-30 12:06:24,"有設置人行道或騎樓","實體人行道(有實體分隔)","輪椅可以通行（寬於100公分）","公共設施阻礙（機電設備）|私人佔用（臨時停車）|私人佔用（商家、住家）","無車輛行駛","總是如此(100%~95%)","採購食物",,,https://commutag.agawork.tw//static/upload/dataset/63528cc34f042e88cc951433/image/635df8404f042ed26e951484.jpg
"00067.jpg",24.832269546543852,121.00941891768463,2022-10-30 12:07:00,,"6220a7e810be1548e5c8d09a_中梅 韓",,"",,2022-10-30 12:08:22,2022-10-30 12:08:22,"有設置人行道或騎樓","實體人行道(有實體分隔)","輪椅可以通行（寬於100公分）","沒有人行道或騎樓","無車輛行駛","總是如此(100%~95%)","採購食物|休閒|親子活動",,,https://commutag.agawork.tw//static/upload/dataset/63528cc34f042e88cc951433/image/635df8b64f042e7743951485.jpg
"00068.jpg",24.831819386911565,121.01036484895279,2022-10-30 12:14:00,,"6220a7e810be1548e5c8d09a_中梅 韓",,"",,2022-10-30 12:15:15,2022-10-30 12:15:15,"有設置人行道或騎樓",,"輪椅無法通行（窄於100公分）","私人佔用（臨時停車）|公共設施阻礙（機電設備）","無車輛行駛","總是如此(100%~95%)","親子活動|採購食物|休閒",,,https://commutag.agawork.tw//static/upload/dataset/63528cc34f042e88cc951433/image/635dfa534f042ee1a3951486.jpg
"00069.jpg",24.831724626001265,121.01043153068123,2022-10-30 12:15:00,,"6220a7e810be1548e5c8d09a_中梅 韓","635fe9654f042e607595148d_以婕 ichieh undefined","","",2022-10-30 12:15:47,2022-10-31 23:30:19,"有設置人行道或騎樓","實體人行道(有實體分隔)","輪椅無法通行（窄於100公分）","公共設施阻礙（機電設備）|私人佔用（臨時停車）","無車輛行駛","總是如此(100%~95%)","採購食物|親子活動|休閒",,,https://commutag.agawork.tw//static/upload/dataset/63528cc34f042e88cc951433/image/635dfa734f042e73af951487.jpg
"00070.jpg",23.76286906819054,120.60979337393229,2022-10-30 16:47:00,,"635fe9654f042e607595148d_以婕 ichieh undefined",,"",,2022-10-31 23:30:02,2022-10-31 23:30:02,"沒有設置人行道或騎樓","沒有人行道或騎樓","沒有人行道或騎樓","沒有人行道或騎樓","有汽車行駛","總是如此(100%~95%)","通學|採購日用",,,https://commutag.agawork.tw//static/upload/dataset/63528cc34f042e88cc951433/image/635fe9fa4f042e328795148e.jpg
"00071.jpg",24.82118168431682,121.02509021759035,2022-11-01 19:29:00,,"6220a7e810be1548e5c8d09a_中梅 韓",,"",,2022-11-01 19:30:06,2022-11-01 19:30:06,"有設置人行道或騎樓","實體人行道(有實體分隔)","輪椅可以通行（寬於100公分）","私人佔用（臨時停車）","有機車行駛","總是如此(100%~95%)","親子活動|休閒|採購食物|通學|採購日用",,,https://commutag.agawork.tw//static/upload/dataset/63528cc34f042e88cc951433/image/6361033e4f042e54a5951491.jpg
"00072.jpg",24.8202846868343,121.02406245401842,2022-11-01 19:31:00,,"6220a7e810be1548e5c8d09a_中梅 韓",,"",,2022-11-01 19:32:33,2022-11-01 19:32:33,"有設置人行道或騎樓","實體人行道(有實體分隔)","輪椅可以通行（寬於100公分）","私人佔用（臨時停車）","有機車行駛","通常如此(94~80%)","親子活動|採購食物|休閒|通學|採購日用",,,https://commutag.agawork.tw//static/upload/dataset/63528cc34f042e88cc951433/image/636103d14f042ef2ec951492.jpg
"00073.jpg",24.82125958614343,121.02500438690187,2022-11-02 19:04:00,,"6220a7e810be1548e5c8d09a_中梅 韓",,"",,2022-11-02 19:06:14,2022-11-02 19:06:14,"有設置人行道或騎樓","實體人行道(有實體分隔)","輪椅可以通行（寬於100公分）","私人佔用（臨時停車）","有機車行駛","總是如此(100%~95%)","親子活動|採購食物|休閒|採購日用|通學",,,https://commutag.agawork.tw//static/upload/dataset/63528cc34f042e88cc951433/image/63624f264f042e627c951495.jpg
"00074.jpg",24.74811744268494,121.08273088932039,2022-11-03 16:39:00,,"6220a7e810be1548e5c8d09a_中梅 韓",,"",,2022-11-03 16:40:24,2022-11-03 16:40:24,"有設置人行道或騎樓","實體人行道(有實體分隔)","輪椅可以通行（寬於100公分）","公共設施阻礙（機電設備）|私人佔用（臨時停車）","有機車行駛","通常如此(94~80%)","親子活動|通學|採購食物|採購日用|休閒",,,https://commutag.agawork.tw//static/upload/dataset/63528cc34f042e88cc951433/image/63637e784f042ebc8d951496.jpg
"00075.jpg",24.8212255041003,121.02489709854127,2022-11-03 17:44:00,,"6220a7e810be1548e5c8d09a_中梅 韓",,"",,2022-11-03 17:45:24,2022-11-03 17:45:24,"有設置人行道或騎樓","實體人行道(有實體分隔)","輪椅可以通行（寬於100公分）","私人佔用（臨時停車）","有機車行駛","總是如此(100%~95%)","親子活動|休閒|採購食物|採購日用|通學",,,https://commutag.agawork.tw//static/upload/dataset/63528cc34f042e88cc951433/image/63638db44f042e6b8f951497.jpg
"00076.jpg",24.82133748792106,121.024666428566,2022-11-03 17:46:00,,"6220a7e810be1548e5c8d09a_中梅 韓",,"",,2022-11-03 17:46:48,2022-11-03 17:46:48,"有設置人行道或騎樓","實體人行道(有實體分隔)","輪椅可以通行（寬於100公分）","私人佔用（臨時停車）","有汽車行駛","常如此(79~50%)","親子活動|採購食物|休閒|採購日用|通學",,,https://commutag.agawork.tw//static/upload/dataset/63528cc34f042e88cc951433/image/63638e084f042e2722951498.jpg
"00077.jpg",24.82118655318239,121.0250848531723,2022-11-03 19:33:00,,"6220a7e810be1548e5c8d09a_中梅 韓",,"",,2022-11-03 19:34:27,2022-11-03 19:34:27,"有設置人行道或騎樓","實體人行道(有實體分隔)","輪椅可以通行（寬於100公分）","私人佔用（臨時停車）","有機車行駛","總是如此(100%~95%)","親子活動|採購食物|休閒|採購日用|通學",,,https://commutag.agawork.tw//static/upload/dataset/63528cc34f042e88cc951433/image/6363a7434f042efcf8951499.jpg
"00078.jpg",24.810075303896223,121.0243606567383,2022-11-06 12:27:00,,"6220a7e810be1548e5c8d09a_中梅 韓",,"",,2022-11-06 12:27:51,2022-11-06 12:27:51,"有設置人行道或騎樓","實體人行道(有實體分隔)","輪椅可以通行（寬於100公分）","公共設施阻礙（機電設備）","無車輛行駛","總是如此(100%~95%)","親子活動|採購食物|休閒",,,https://commutag.agawork.tw//static/upload/dataset/63528cc34f042e88cc951433/image/636737c74f042e72129514f2.jpg
"00079.jpg",24.811548870083907,121.02575068223689,2022-11-06 13:00:00,,"6220a7e810be1548e5c8d09a_中梅 韓",,"",,2022-11-06 13:00:52,2022-11-06 13:00:52,"有設置人行道或騎樓","實體人行道(有實體分隔)","輪椅可以通行（寬於100公分）","公共設施阻礙（機電設備）","有機車行駛","有時如此(49~30%)","親子活動|採購食物|採購日用|通學|休閒",,,https://commutag.agawork.tw//static/upload/dataset/63528cc34f042e88cc951433/image/63673f844f042e856a9514f5.jpg
"00080.jpg",24.811433831742377,121.02583587169649,2022-11-06 13:01:00,,"6220a7e810be1548e5c8d09a_中梅 韓",,"",,2022-11-06 13:02:17,2022-11-06 13:02:17,"有設置人行道或騎樓","實體人行道(有實體分隔)","輪椅可以通行（寬於100公分）","公共設施阻礙（機電設備）","無車輛行駛","總是如此(100%~95%)","親子活動|採購食物|通學|休閒",,,https://commutag.agawork.tw//static/upload/dataset/63528cc34f042e88cc951433/image/63673fd94f042ec8f69514f6.jpg
"00081.jpg",24.821286406641267,121.02477534458063,2022-11-06 17:00:00,,"6220a7e810be1548e5c8d09a_中梅 韓",,"",,2022-11-06 17:00:42,2022-11-06 17:00:42,"有設置人行道或騎樓","實體人行道(有實體分隔)","輪椅可以通行（寬於100公分）","私人佔用（臨時停車）","有機車行駛","總是如此(100%~95%)","親子活動|採購食物|休閒|採購日用|通學",,,https://commutag.agawork.tw//static/upload/dataset/63528cc34f042e88cc951433/image/636777ba50737bda2ef3bef2.jpg
"00082.jpg",24.821209660673972,121.02474242537349,2022-11-06 16:56:00,,"6220a7e810be1548e5c8d09a_中梅 韓","63751794d8489c33110a58f9_Oliver Chou","","不符規定",2022-11-06 17:01:09,2022-11-18 22:28:41,"有設置人行道或騎樓","實體人行道(有實體分隔)","輪椅可以通行（寬於100公分）","私人佔用（臨時停車）","有機車行駛","總是如此(100%~95%)","親子活動|採購食物|休閒|採購日用|通學",,,https://commutag.agawork.tw//static/upload/dataset/63528cc34f042e88cc951433/image/636777d550737bfca8f3bef3.jpg
"00083.jpg",24.82123037296417,121.02505803108217,2022-11-07 17:46:00,,"6220a7e810be1548e5c8d09a_中梅 韓",,"",,2022-11-07 17:46:51,2022-11-07 17:46:51,"有設置人行道或騎樓","實體人行道(有實體分隔)","輪椅可以通行（寬於100公分）","私人佔用（臨時停車）","有機車行駛","總是如此(100%~95%)","採購食物|休閒|親子活動|通學|採購日用",,,https://commutag.agawork.tw//static/upload/dataset/63528cc34f042e88cc951433/image/6368d40b4bf9920efb5eb339.jpg
"00084.jpg",24.82125471728068,121.02481663227083,2022-11-07 17:47:00,,"6220a7e810be1548e5c8d09a_中梅 韓",,"",,2022-11-07 17:47:54,2022-11-07 17:47:54,"有設置人行道或騎樓","實體人行道(有實體分隔)","輪椅可以通行（寬於100公分）","私人佔用（臨時停車）","有機車行駛","總是如此(100%~95%)","親子活動|採購食物|休閒|通學|採購日用",,,https://commutag.agawork.tw//static/upload/dataset/63528cc34f042e88cc951433/image/6368d44a4bf9922c3c5eb33a.jpg
"00085.jpg",24.82121089750753,121.02509021759035,2022-11-08 17:29:00,,"6220a7e810be1548e5c8d09a_中梅 韓",,"",,2022-11-08 17:29:24,2022-11-08 17:29:24,"有設置人行道或騎樓","實體人行道(有實體分隔)","輪椅可以通行（寬於100公分）","私人佔用（臨時停車）","有機車行駛","總是如此(100%~95%)","親子活動|採購食物|休閒|採購日用|通學",,,https://commutag.agawork.tw//static/upload/dataset/63528cc34f042e88cc951433/image/636a21744bf9925ad55eb33d.jpg
"00086.jpg",24.82125471728068,121.02497220039369,2022-11-08 19:33:00,,"6220a7e810be1548e5c8d09a_中梅 韓",,"",,2022-11-08 19:33:35,2022-11-08 19:33:35,"有設置人行道或騎樓","實體人行道(有實體分隔)","輪椅可以通行（寬於100公分）","私人佔用（臨時停車）","有機車行駛","總是如此(100%~95%)","親子活動|採購食物|休閒|採購日用|通學",,,https://commutag.agawork.tw//static/upload/dataset/63528cc34f042e88cc951433/image/636a3e8f4bf9923b1d5eb344.jpg
"00087.jpg",24.820743485629297,121.02487027645113,2022-11-08 19:33:00,,"6220a7e810be1548e5c8d09a_中梅 韓",,"",,2022-11-08 19:34:28,2022-11-08 19:34:28,"有設置人行道或騎樓","實體人行道(有實體分隔)","輪椅可以通行（寬於100公分）","無佔用或阻礙","有機車行駛","常如此(79~50%)","休閒|親子活動|通學",,,https://commutag.agawork.tw//static/upload/dataset/63528cc34f042e88cc951433/image/636a3ec44bf99294e75eb345.jpg
"00088.jpg",24.805829199719273,121.04122638702394,2022-11-09 12:41:00,,"6220a7e810be1548e5c8d09a_中梅 韓",,"",,2022-11-09 12:42:48,2022-11-09 12:42:48,"有設置人行道或騎樓","實體人行道(有實體分隔)","輪椅可以通行（寬於100公分）","無佔用或阻礙","有機車行駛","常如此(79~50%)","親子活動|通學|就醫、照護|採購食物|採購日用|休閒",,,https://commutag.agawork.tw//static/upload/dataset/63528cc34f042e88cc951433/image/636b2fc8d8489c102c0a5775.jpg
"00089.jpg",24.729816416666665,121.087265,2022-11-09 15:58:00,,"636b2e60d8489c526a0a5774_徐婉綾",,"",,2022-11-09 15:59:48,2022-11-09 15:59:48,"沒有設置人行道或騎樓","沒有人行道或騎樓","沒有人行道或騎樓","沒有人行道或騎樓","有汽車行駛","總是如此(100%~95%)","通學|親子活動|休閒|採購日用|採購食物",,,https://commutag.agawork.tw//static/upload/dataset/63528cc34f042e88cc951433/image/636b5df4d8489c7d280a5776.jpg
"00090.jpg",24.821291643803132,121.02491334084449,2022-11-09 19:00:00,,"6220a7e810be1548e5c8d09a_中梅 韓",,"",,2022-11-09 19:00:58,2022-11-09 19:00:58,"有設置人行道或騎樓","實體人行道(有實體分隔)","輪椅可以通行（寬於100公分）","私人佔用（臨時停車）","有機車行駛","總是如此(100%~95%)","親子活動|採購食物|休閒|採購日用|通學",,,https://commutag.agawork.tw//static/upload/dataset/63528cc34f042e88cc951433/image/636b886ad8489c1d910a5777.jpg
"00091.jpg",24.821208030692258,121.02495905449425,2022-11-12 17:15:00,,"6220a7e810be1548e5c8d09a_中梅 韓",,"",,2022-11-12 17:16:02,2022-11-12 17:16:02,"有設置人行道或騎樓","實體人行道(有實體分隔)","輪椅可以通行（寬於100公分）","私人佔用（臨時停車）","有機車行駛","總是如此(100%~95%)","親子活動|採購食物|休閒|採購日用|通學",,,https://commutag.agawork.tw//static/upload/dataset/63528cc34f042e88cc951433/image/636f6452d8489c26d30a577a.jpg
"00092.jpg",24.82157606181027,121.02604508399965,2022-11-12 19:16:00,,"6220a7e810be1548e5c8d09a_中梅 韓",,"",,2022-11-12 19:16:46,2022-11-12 19:16:46,"有設置人行道或騎樓","實體人行道(有實體分隔)","輪椅可以通行（寬於100公分）","私人佔用（臨時停車）|私人佔用（商家、住家）","有機車行駛","總是如此(100%~95%)","親子活動|採購食物|採購日用|通學|休閒",,,https://commutag.agawork.tw//static/upload/dataset/63528cc34f042e88cc951433/image/636f809ed8489c79290a577c.jpg
"00093.jpg",24.82117194658504,121.02504730224611,2022-11-13 18:35:00,,"6220a7e810be1548e5c8d09a_中梅 韓",,"",,2022-11-13 18:36:04,2022-11-13 18:36:04,"有設置人行道或騎樓","實體人行道(有實體分隔)","輪椅可以通行（寬於100公分）","私人佔用（臨時停車）","有機車行駛","總是如此(100%~95%)","親子活動|採購食物|休閒|採購日用|通學",,,https://commutag.agawork.tw//static/upload/dataset/63528cc34f042e88cc951433/image/6370c894d8489c15610a57f5.jpg
"00094.jpg",24.821235241827857,121.02495074272157,2022-11-14 17:44:00,,"6220a7e810be1548e5c8d09a_中梅 韓",,"",,2022-11-14 17:45:03,2022-11-14 17:45:03,"有設置人行道或騎樓","實體人行道(有實體分隔)","輪椅可以通行（寬於100公分）","私人佔用（臨時停車）","有機車行駛","總是如此(100%~95%)","親子活動|採購食物|休閒|採購日用|通學",,,https://commutag.agawork.tw//static/upload/dataset/63528cc34f042e88cc951433/image/63720e1fd8489c536f0a57f8.jpg
"00095.jpg",24.747825138336943,121.08319222927095,2022-11-15 16:37:00,,"6220a7e810be1548e5c8d09a_中梅 韓",,"",,2022-11-15 16:38:22,2022-11-15 16:38:22,"有設置人行道或騎樓","實體人行道(有實體分隔)","輪椅可以通行（寬於100公分）","私人佔用（臨時停車）","無車輛行駛","有時如此(49~30%)","採購食物|親子活動|通學|休閒|採購日用",,,https://commutag.agawork.tw//static/upload/dataset/63528cc34f042e88cc951433/image/63734ffed8489c503d0a583d.jpg
"00096.jpg",24.748141439116328,121.0827115776681,2022-11-15 16:39:00,,"6220a7e810be1548e5c8d09a_中梅 韓",,"",,2022-11-15 16:39:35,2022-11-15 16:39:35,"有設置人行道或騎樓","實體人行道(有實體分隔)","輪椅可以通行（寬於100公分）","私人佔用（臨時停車）|公共設施阻礙（機電設備）","有機車行駛","通常如此(94~80%)","採購食物|休閒|親子活動|通學|採購日用",,,https://commutag.agawork.tw//static/upload/dataset/63528cc34f042e88cc951433/image/63735047d8489cc68a0a583e.jpg
"00097.jpg",24.82126445500595,121.02494001388551,2022-11-15 17:41:00,,"6220a7e810be1548e5c8d09a_中梅 韓",,"",,2022-11-15 17:41:54,2022-11-15 17:41:54,"有設置人行道或騎樓","實體人行道(有實體分隔)","輪椅可以通行（寬於100公分）","私人佔用（臨時停車）","有機車行駛","總是如此(100%~95%)","親子活動|採購食物|休閒|採購日用|通學",,,https://commutag.agawork.tw//static/upload/dataset/63528cc34f042e88cc951433/image/63735ee2d8489c52410a5841.jpg
"00098.jpg",24.821249848417782,121.02501511573793,2022-11-15 19:49:00,,"6220a7e810be1548e5c8d09a_中梅 韓",,"",,2022-11-15 19:49:41,2022-11-15 19:49:41,"有設置人行道或騎樓","實體人行道(有實體分隔)","輪椅可以通行（寬於100公分）","私人佔用（臨時停車）","有機車行駛","總是如此(100%~95%)","親子活動|採購食物|休閒|採購日用|通學",,,https://commutag.agawork.tw//static/upload/dataset/63528cc34f042e88cc951433/image/63737cd5d8489ca1df0a5842.jpg
"00099.jpg",24.821249010436617,121.02486470484524,2022-11-16 17:54:00,,"6220a7e810be1548e5c8d09a_中梅 韓",,"",,2022-11-16 17:55:00,2022-11-16 17:55:00,"有設置人行道或騎樓","實體人行道(有實體分隔)","輪椅可以通行（寬於100公分）","私人佔用（臨時停車）","有機車行駛","總是如此(100%~95%)","採購食物|休閒|親子活動|通學|採購日用",,,https://commutag.agawork.tw//static/upload/dataset/63528cc34f042e88cc951433/image/6374b374d8489c4a750a58ed.jpg
"00100.jpg",24.994883333333334,121.27824444444444,2022-11-26 11:35:00,,"60e34449b652fe824b444847_哲瑋 劉","6220a7e810be1548e5c8d09a_中梅 韓","","符合規定",2022-11-26 11:37:57,2022-11-26 19:55:32,"有設置人行道或騎樓","實體人行道(有實體分隔)","輪椅可以通行（寬於100公分）","私人佔用（商家、住家）|公共設施阻礙（機電設備）","有汽車行駛","總是如此(100%~95%)","",,,https://commutag.agawork.tw//static/upload/dataset/63528cc34f042e88cc951433/image/63818a15d8489ca8450a5941.jpg
"00101.jpg",25.116802222222223,121.51633138888889,2022-11-26 14:49:00,"","6382d74bd8489cb52b0a5963_Avery Ying",,"",,2022-11-27 12:01:34,2022-11-27 14:00:16,"有設置人行道或騎樓","實體人行道(有實體分隔)","輪椅無法通行（窄於100公分）","公共設施阻礙（機電設備）","有機車行駛","總是如此(100%~95%)",,,,https://commutag.agawork.tw//static/upload/dataset/63528cc34f042e88cc951433/image/6382e11ed8489c53810a5975.jpg
"00102.jpg",25.116602222222223,121.51725861111112,2022-11-26 14:46:00,,"6382d74bd8489cb52b0a5963_Avery Ying",,"",,2022-11-27 12:05:22,2022-11-27 12:05:22,"有設置人行道或騎樓","騎樓","輪椅無法通行（窄於100公分）","私人佔用（商家、住家）","無車輛行駛","總是如此(100%~95%)","",,,https://commutag.agawork.tw//static/upload/dataset/63528cc34f042e88cc951433/image/6382e202d8489cccee0a5978.jpg
"00103.jpg",25.116602222222223,121.51725861111112,2022-11-26 14:47:00,,"6382d74bd8489cb52b0a5963_Avery Ying",,"",,2022-11-27 12:05:57,2022-11-27 12:05:57,"有設置人行道或騎樓","騎樓","輪椅無法通行（窄於100公分）","私人佔用（商家、住家）","無車輛行駛","總是如此(100%~95%)","",,,https://commutag.agawork.tw//static/upload/dataset/63528cc34f042e88cc951433/image/6382e225d8489c17e20a597a.jpg
"00104.jpg",25.116602222222223,121.51725861111112,2022-11-26 14:47:00,,"6382d74bd8489cb52b0a5963_Avery Ying",,"",,2022-11-27 12:06:56,2022-11-27 12:06:56,"有設置人行道或騎樓","騎樓","輪椅無法通行（窄於100公分）","私人佔用（商家、住家）","無車輛行駛","總是如此(100%~95%)","",,,https://commutag.agawork.tw//static/upload/dataset/63528cc34f042e88cc951433/image/6382e260d8489c19740a597b.jpg
"00105.jpg",25.116602222222223,121.51725861111112,2022-11-26 14:47:00,,"6382d74bd8489cb52b0a5963_Avery Ying",,"",,2022-11-27 12:08:13,2022-11-27 12:08:13,"有設置人行道或騎樓","騎樓","輪椅無法通行（窄於100公分）","私人佔用（商家、住家）","無車輛行駛","總是如此(100%~95%)","",,,https://commutag.agawork.tw//static/upload/dataset/63528cc34f042e88cc951433/image/6382e2add8489c994c0a597c.jpg
"00106.jpg",25.123545555555555,121.5253925,2022-11-23 09:41:00,,"6382d74bd8489cb52b0a5963_Avery Ying","60e34449b652fe824b444847_哲瑋 劉","","符合規定",2022-11-27 13:48:31,2022-11-30 13:08:37,"有設置人行道或騎樓","實體人行道(有實體分隔)","輪椅無法通行（窄於100公分）","公共設施阻礙（機電設備）","有汽車行駛","總是如此(100%~95%)","",,,https://commutag.agawork.tw//static/upload/dataset/63528cc34f042e88cc951433/image/6382fa2fd8489c7c900a597e.jpg
"00107.jpg",24.72550079940006,121.0890018939972,2022-11-27 08:30:00,,"6382ce28d8489c362b0a5946_石曉晴",,"",,2022-11-27 13:52:47,2022-11-27 13:52:47,"有設置人行道或騎樓","實體人行道(有實體分隔)","輪椅可以通行（寬於100公分）","無佔用或阻礙|私人佔用（臨時停車）","有機車行駛","偶爾如此(29~10%)","通學",,,https://commutag.agawork.tw//static/upload/dataset/63528cc34f042e88cc951433/image/6382fb2fd8489c6c820a5980.jpg
"00108.jpg",24.15260792254761,120.66329228759948,2022-11-27 13:50:00,"","6382d396d8489ce7ae0a594a_政宏 潘",,"",,2022-11-27 13:54:08,2022-11-27 14:03:07,"有設置人行道或騎樓","實體人行道(無實體分隔)","輪椅可以通行（寬於100公分）","無佔用或阻礙","有自行車行駛","有時如此(49~30%)","親子活動|休閒",,,https://commutag.agawork.tw//static/upload/dataset/63528cc34f042e88cc951433/image/6382fb80d8489cfa3d0a5981.jpg
"00109.jpg",25.05148802841543,121.58215284347536,2022-11-27 13:49:00,,"6382d3c1d8489c4bb20a594b_露露 米",,"",,2022-11-27 13:55:06,2022-11-27 13:55:06,"有設置人行道或騎樓","騎樓","輪椅可以通行（寬於100公分）","無佔用或阻礙","有機車行駛","總是如此(100%~95%)","工作|採購食物",,,https://commutag.agawork.tw//static/upload/dataset/63528cc34f042e88cc951433/image/6382fbbad8489c05b00a5982.jpg
"00110.jpg",25.093707333753738,121.71217024326326,2022-11-08 13:52:00,,"6382cd1cd8489c89f40a5945_lorraine ku","60e34449b652fe824b444847_哲瑋 劉","","符合規定",2022-11-27 13:56:51,2022-11-30 13:08:22,"沒有設置人行道或騎樓","實體人行道(無實體分隔)","輪椅無法通行（窄於100公分）","私人佔用（臨時停車）|沒有人行道或騎樓","無人行道或騎樓","通常如此(94~80%)","就醫、照護|通學|工作",,,https://commutag.agawork.tw//static/upload/dataset/63528cc34f042e88cc951433/image/6382fc23d8489c16290a5983.jpg
"00111.jpg",25.116729166666666,121.51615583333333,2022-11-26 14:51:00,,"6382d74bd8489cb52b0a5963_Avery Ying",,"",,2022-11-27 13:57:47,2022-11-27 13:57:47,"有設置人行道或騎樓","騎樓","輪椅可以通行（寬於100公分）","私人佔用（臨時停車）","有機車行駛","總是如此(100%~95%)","",,,https://commutag.agawork.tw//static/upload/dataset/63528cc34f042e88cc951433/image/6382fc5bd8489cd82e0a5984.jpg
"00112.jpg",24.732843620266745,121.08850300312044,2022-11-27 09:35:00,"","6382ce28d8489c362b0a5946_石曉晴",,"",,2022-11-27 13:58:08,2022-11-27 14:07:18,"有設置人行道或騎樓","標線人行道(有實體分隔)","輪椅可以通行（寬於100公分）","無佔用或阻礙","無車輛行駛","總是如此(100%~95%)","通學",,,https://commutag.agawork.tw//static/upload/dataset/63528cc34f042e88cc951433/image/6382fc70d8489c073a0a5985.jpg
"00113.jpg",24.988108333333333,121.50924666666667,2022-11-27 13:53:00,,"6382ccfdd8489c5e640a5944_Tiff","60e34449b652fe824b444847_哲瑋 劉","","符合規定",2022-11-27 13:58:11,2022-11-30 13:07:31,"有設置人行道或騎樓","實體人行道(有實體分隔)","輪椅可以通行（寬於100公分）","私人佔用（商家、住家）","有機車行駛","有時如此(49~30%)","",,,https://commutag.agawork.tw//static/upload/dataset/63528cc34f042e88cc951433/image/6382fc73d8489c6cf30a5986.jpg
"00114.jpg",25.0515074675122,121.58228158950807,2022-11-27 13:55:00,,"6382d3c1d8489c4bb20a594b_露露 米",,"",,2022-11-27 13:58:34,2022-11-27 13:58:34,"有設置人行道或騎樓","騎樓","輪椅可以通行（寬於100公分）","私人佔用（臨時停車）","無車輛行駛","總是如此(100%~95%)","就醫、照護|親子活動|休閒",,,https://commutag.agawork.tw//static/upload/dataset/63528cc34f042e88cc951433/image/6382fc8ad8489c626c0a5987.jpg
"00115.jpg",25.11670611111111,121.51626277777778,2022-11-26 14:48:00,,"6382d74bd8489cb52b0a5963_Avery Ying","60e34449b652fe824b444847_哲瑋 劉","","符合規定",2022-11-27 13:59:43,2022-11-30 13:07:51,"有設置人行道或騎樓","騎樓","輪椅無法通行（窄於100公分）","私人佔用（商家、住家）|私人佔用（臨時停車）","無車輛行駛","總是如此(100%~95%)","",,,https://commutag.agawork.tw//static/upload/dataset/63528cc34f042e88cc951433/image/6382fccfd8489c4e450a5988.jpg
"00116.jpg",24.98335,121.508505,2022-11-27 13:58:00,,"6382ccfdd8489c5e640a5944_Tiff","60e34449b652fe824b444847_哲瑋 劉","","符合規定",2022-11-27 14:00:08,2022-11-30 13:08:46,"有設置人行道或騎樓","騎樓","輪椅可以通行（寬於100公分）","私人佔用（商家、住家）","無車輛行駛","有時如此(49~30%)","",,,https://commutag.agawork.tw//static/upload/dataset/63528cc34f042e88cc951433/image/6382fce8d8489c84f90a5989.jpg
"00117.jpg",24.72723056729254,121.08822941780092,2022-11-27 13:58:00,,"6382ce28d8489c362b0a5946_石曉晴","60e34449b652fe824b444847_哲瑋 劉","","符合規定",2022-11-27 14:00:57,2022-11-30 13:07:12,"有設置人行道或騎樓","實體人行道(有實體分隔)","輪椅可以通行（寬於100公分）","私人佔用（臨時停車）|公共設施阻礙（機電設備）","無車輛行駛","總是如此(100%~95%)","通學|採購食物",,,https://commutag.agawork.tw//static/upload/dataset/63528cc34f042e88cc951433/image/6382fd19d8489c408f0a598a.jpg
"00118.jpg",24.984717500000002,121.5077338888889,2022-11-23 14:43:00,,"6382d74bd8489cb52b0a5963_Avery Ying",,"",,2022-11-27 14:02:10,2022-11-27 14:02:10,"有設置人行道或騎樓","騎樓","輪椅無法通行（窄於100公分）","私人佔用（商家、住家）","有機車行駛","總是如此(100%~95%)","",,,https://commutag.agawork.tw//static/upload/dataset/63528cc34f042e88cc951433/image/6382fd62d8489c2ede0a598b.jpg
"00119.jpg",24.9846325,121.50774194444445,2022-11-23 14:42:00,,"6382d74bd8489cb52b0a5963_Avery Ying",,"",,2022-11-27 14:02:48,2022-11-27 14:02:48,"有設置人行道或騎樓","騎樓","輪椅無法通行（窄於100公分）","私人佔用（商家、住家）|私人佔用（臨時停車）","有機車行駛","總是如此(100%~95%)","",,,https://commutag.agawork.tw//static/upload/dataset/63528cc34f042e88cc951433/image/6382fd88d8489c66670a598c.jpg
"00120.jpg",25.11637138888889,121.51745972222223,2022-11-26 14:46:00,,"6382d74bd8489cb52b0a5963_Avery Ying",,"",,2022-11-27 14:05:25,2022-11-27 14:05:25,"沒有設置人行道或騎樓",,"沒有人行道或騎樓","沒有人行道或騎樓","有汽車行駛","總是如此(100%~95%)","",,,https://commutag.agawork.tw//static/upload/dataset/63528cc34f042e88cc951433/image/6382fe25d8489c59790a598d.jpg
"00121.jpg",25.0677477554603,121.62962257862092,2022-11-27 14:03:00,"","6382cd1cd8489c89f40a5945_lorraine ku",,"",,2022-11-27 14:06:09,2022-11-27 14:07:23,"有設置人行道或騎樓","騎樓","輪椅無法通行（窄於100公分）","私人佔用（臨時停車）","有機車行駛","通常如此(94~80%)","就醫、照護|通學|工作|採購日用",,,https://commutag.agawork.tw//static/upload/dataset/63528cc34f042e88cc951433/image/6382fe51d8489c725f0a598e.jpg
"00122.jpg",25.029344166666665,121.51576722222222,2022-04-21 12:30:00,,"6382d74bd8489cb52b0a5963_Avery Ying",,"",,2022-11-27 14:08:29,2022-11-27 14:08:29,"有設置人行道或騎樓","騎樓","輪椅可以通行（寬於100公分）","私人佔用（臨時停車）","有機車行駛","總是如此(100%~95%)","",,,https://commutag.agawork.tw//static/upload/dataset/63528cc34f042e88cc951433/image/6382feddd8489c48590a5990.jpg
"00123.jpg",24.730324599173624,121.08925938606264,2022-11-27 14:09:00,,"6382ce28d8489c362b0a5946_石曉晴",,"",,2022-11-27 14:11:49,2022-11-27 14:11:49,"沒有設置人行道或騎樓","沒有人行道或騎樓","沒有人行道或騎樓","沒有人行道或騎樓","有汽車行駛","通常如此(94~80%)","通學|採購食物|採購日用",,,https://commutag.agawork.tw//static/upload/dataset/63528cc34f042e88cc951433/image/6382ffa5d8489c748a0a5991.jpg
"00124.jpg",25.05432777777778,121.533425,2022-12-02 22:35:00,,"60e34449b652fe824b444847_哲瑋 劉",,"",,2022-12-02 22:42:41,2022-12-02 22:42:41,"沒有設置人行道或騎樓","標線人行道(無實體分隔)","沒有人行道或騎樓","私人佔用（商家、住家）","有汽車行駛","偶爾如此(29~10%)","通學|採購日用",,,https://commutag.agawork.tw//static/upload/dataset/63528cc34f042e88cc951433/image/638a0ee1424d514027df62ab.jpg
"00125.jpg",25.032194444444443,121.53275277777777,2022-12-03 19:03:00,,"60e34449b652fe824b444847_哲瑋 劉",,"",,2022-12-03 21:20:54,2022-12-03 21:20:54,"有設置人行道或騎樓","實體人行道(有實體分隔)","輪椅可以通行（寬於100公分）","私人佔用（商家、住家）","有自行車行駛","通常如此(94~80%)","通學|採購日用|工作|休閒",,,https://commutag.agawork.tw//static/upload/dataset/63528cc34f042e88cc951433/image/638b4d36424d51cd51df62ad.jpg
"00126.jpg",25.033358333333336,121.52978611111111,2022-12-04 18:02:00,"鋪面材質工法，導致輔具輪椅無法使用此段人行道","60e34449b652fe824b444847_哲瑋 劉",,"",,2022-12-04 19:08:45,2022-12-04 19:08:45,"有設置人行道或騎樓","實體人行道(有實體分隔)","輪椅可以通行（寬於100公分）","無佔用或阻礙","無車輛行駛","偶爾如此(29~10%)","採購日用|通學|採購食物|休閒",,,https://commutag.agawork.tw//static/upload/dataset/63528cc34f042e88cc951433/image/638c7fbd424d513200df62ae.jpg
"00127.jpg",25.031391666666664,121.51864722222223,2022-12-06 12:39:00,"騎樓內看板高度過低，身高較高者有碰撞危險，整體安全感受也不佳","60e34449b652fe824b444847_哲瑋 劉",,"",,2022-12-06 12:42:49,2022-12-06 12:42:49,"有設置人行道或騎樓","騎樓","輪椅可以通行（寬於100公分）","無佔用或阻礙","有機車行駛","通常如此(94~80%)","通學|工作|採購日用|採購食物",,,https://commutag.agawork.tw//static/upload/dataset/63528cc34f042e88cc951433/image/638ec849424d5167bbdf62af.jpg
"00128.jpg",25.00755,121.51348055555556,2022-12-06 18:19:00,"施工期間，人行空間消失，且沒有提供有保護效果的替代路線","60e34449b652fe824b444847_哲瑋 劉",,"",,2022-12-06 18:24:03,2022-12-06 18:24:03,"有設置人行道或騎樓","實體人行道(有實體分隔)","輪椅可以通行（寬於100公分）","私人佔用（商家、住家）","有汽車行駛","常如此(79~50%)","通學|採購食物|採購日用|工作",,,https://commutag.agawork.tw//static/upload/dataset/63528cc34f042e88cc951433/image/638f1843424d51f230df62d1.jpg
"00129.jpg",25.032655555555554,121.51846944444445,2022-12-07 13:37:00,"因為施工需要使用人行道，有提供交通指揮人員，有提供暫行性交通示警（三角錐），提醒路經此處的車輛注意行人","60e34449b652fe824b444847_哲瑋 劉",,"",,2022-12-09 04:41:00,2022-12-09 04:41:00,"有設置人行道或騎樓","實體人行道(有實體分隔)","輪椅可以通行（寬於100公分）","私人佔用（商家、住家）","有汽車行駛","常如此(79~50%)","採購日用|通學|採購食物|工作",,,https://commutag.agawork.tw//static/upload/dataset/63528cc34f042e88cc951433/image/63924bdc424d51238adf62d4.jpg
"00130.jpg",25.007425,121.513725,2022-12-08 16:14:00,,"60e34449b652fe824b444847_哲瑋 劉",,"",,2022-12-09 04:42:04,2022-12-09 04:42:04,"有設置人行道或騎樓","實體人行道(有實體分隔)","輪椅可以通行（寬於100公分）","私人佔用（商家、住家）","有汽車行駛","常如此(79~50%)","通學|採購食物|採購日用|工作",,,https://commutag.agawork.tw//static/upload/dataset/63528cc34f042e88cc951433/image/63924c1c424d51a939df62d5.jpg
"00131.jpg",25.139466924718555,121.79586589336397,2022-12-12 14:38:00,,"6396c82b424d518564df62e1_ㄇ0",,"",,2022-12-12 14:39:27,2022-12-12 14:39:27,"有設置人行道或騎樓","騎樓","輪椅可以通行（寬於100公分）","私人佔用（臨時停車）","有機車行駛","總是如此(100%~95%)","其他",,,https://commutag.agawork.tw//static/upload/dataset/63528cc34f042e88cc951433/image/6396cc9f424d51e0a2df6317.jpg
"00132.jpg",25.092959184145577,121.71382248401643,2022-12-12 14:37:00,,"6396c859424d513c36df62e4_林思羽",,"",,2022-12-12 14:41:00,2022-12-12 14:41:00,"沒有設置人行道或騎樓","沒有人行道或騎樓","輪椅無法通行（窄於100公分）","私人佔用（臨時停車）","無車輛行駛","總是如此(100%~95%)","通學",,,https://commutag.agawork.tw//static/upload/dataset/63528cc34f042e88cc951433/image/6396ccfc424d51c5aadf631b.jpg
"00133.jpg",25.09327222222222,121.71476666666668,2022-12-08 16:06:00,,"6396c7f7424d512622df62db_劉孟庭",,"",,2022-12-12 14:43:01,2022-12-12 14:43:01,"有設置人行道或騎樓",,"輪椅可以通行（寬於100公分）","私人佔用（臨時停車）","無車輛行駛","通常如此(94~80%)","",,,https://commutag.agawork.tw//static/upload/dataset/63528cc34f042e88cc951433/image/6396cd75424d513097df631f.jpg
"00134.jpg",25.093391556879695,121.71491682529451,2022-12-12 14:41:00,,"6396c859424d513c36df62e4_林思羽",,"",,2022-12-12 14:43:08,2022-12-12 14:43:08,"沒有設置人行道或騎樓","沒有人行道或騎樓","輪椅可以通行（寬於100公分）","私人佔用（臨時停車）","有汽車行駛","有時如此(49~30%)","通學",,,https://commutag.agawork.tw//static/upload/dataset/63528cc34f042e88cc951433/image/6396cd7c424d5186fcdf6320.jpg
"00135.jpg",25.137002522548254,121.71964497563296,2022-12-07 06:44:00,"很陡的無障礙坡道，從側面看超過30°","6396c82f424d51ceb3df62e2_吳建暉",,"",,2022-12-12 14:43:19,2022-12-12 14:43:19,"有設置人行道或騎樓","騎樓","輪椅無法通行（窄於100公分）","無佔用或阻礙","無車輛行駛","偶爾如此(29~10%)","其他","",,https://commutag.agawork.tw//static/upload/dataset/63528cc34f042e88cc951433/image/6396cd87424d5156a7df6321.jpg
"00136.jpg",25.094105555555554,121.71595833333333,2022-12-08 16:03:00,,"6396c7f7424d512622df62db_劉孟庭",,"",,2022-12-12 14:44:03,2022-12-12 14:44:03,"有設置人行道或騎樓",,"輪椅可以通行（寬於100公分）","私人佔用（臨時停車）","有汽車行駛","有時如此(49~30%)","",,,https://commutag.agawork.tw//static/upload/dataset/63528cc34f042e88cc951433/image/6396cdb3424d513cb8df6323.jpg
"00137.jpg",25.13047788888889,121.73942563888889,2022-12-08 22:09:00,,"6396c809424d517fb9df62de_吳禹廷",,"",,2022-12-12 14:44:55,2022-12-12 14:44:55,"沒有設置人行道或騎樓","沒有人行道或騎樓","沒有人行道或騎樓","沒有人行道或騎樓","有汽車行駛","有時如此(49~30%)","其他",,,https://commutag.agawork.tw//static/upload/dataset/63528cc34f042e88cc951433/image/6396cde7424d515593df6326.jpg
"00138.jpg",25.094416614222688,121.71622574329378,2022-12-12 14:43:00,,"6396c859424d513c36df62e4_林思羽",,"",,2022-12-12 14:45:03,2022-12-12 14:45:03,"有設置人行道或騎樓","實體人行道(有實體分隔)","輪椅可以通行（寬於100公分）","無佔用或阻礙","無車輛行駛","總是如此(100%~95%)","通學",,,https://commutag.agawork.tw//static/upload/dataset/63528cc34f042e88cc951433/image/6396cdef424d513a55df6327.jpg
"00139.jpg",25.128760784045095,121.7395529150963,2022-12-07 16:57:00,,"6396c7e9424d518918df62d9_喬欣 07張",,"",,2022-12-12 14:45:13,2022-12-12 14:45:13,"有設置人行道或騎樓","實體人行道(有實體分隔)","輪椅可以通行（寬於100公分）","私人佔用（臨時停車）","有機車行駛","有時如此(49~30%)","",,,https://commutag.agawork.tw//static/upload/dataset/63528cc34f042e88cc951433/image/6396cdf9424d51f1ffdf6328.jpg
"00140.jpg",25.093391666666665,121.7143638888889,2022-12-08 16:08:00,,"6396c7f7424d512622df62db_劉孟庭",,"",,2022-12-12 14:45:47,2022-12-12 14:45:47,"沒有設置人行道或騎樓",,"輪椅無法通行（窄於100公分）","沒有人行道或騎樓","無人行道或騎樓","總是如此(100%~95%)","",,,https://commutag.agawork.tw//static/upload/dataset/63528cc34f042e88cc951433/image/6396ce1b424d51d3aadf6329.jpg
"00141.jpg",25.142742138888888,121.72624205555556,2022-12-08 22:01:00,,"6396c809424d517fb9df62de_吳禹廷",,"",,2022-12-12 14:46:34,2022-12-12 14:46:34,"沒有設置人行道或騎樓","沒有人行道或騎樓","輪椅可以通行（寬於100公分）","沒有人行道或騎樓|私人佔用（臨時停車）","無車輛行駛","偶爾如此(29~10%)","其他",,,https://commutag.agawork.tw//static/upload/dataset/63528cc34f042e88cc951433/image/6396ce4a424d519d33df632c.jpg
"00142.jpg",25.105332213441176,121.80639624595644,2022-12-12 14:46:00,,"6396c7e9424d518918df62d9_喬欣 07張",,"",,2022-12-12 14:46:59,2022-12-12 14:46:59,"沒有設置人行道或騎樓","沒有人行道或騎樓","沒有人行道或騎樓","私人佔用（臨時停車）","有汽車行駛","總是如此(100%~95%)","",,,https://commutag.agawork.tw//static/upload/dataset/63528cc34f042e88cc951433/image/6396ce63424d5167c3df632d.jpg
"00143.jpg",25.12971877777778,121.73908994444444,2022-12-08 22:08:00,,"6396c809424d517fb9df62de_吳禹廷",,"",,2022-12-12 14:47:44,2022-12-12 14:47:44,"沒有設置人行道或騎樓","沒有人行道或騎樓","沒有人行道或騎樓","沒有人行道或騎樓|私人佔用（臨時停車）","有汽車行駛","有時如此(49~30%)","採購食物",,,https://commutag.agawork.tw//static/upload/dataset/63528cc34f042e88cc951433/image/6396ce90424d51f2aedf6330.jpg
"00144.jpg",25.12926830884147,121.7392095923424,2022-12-07 16:59:00,,"6396c7e9424d518918df62d9_喬欣 07張",,"",,2022-12-12 14:49:08,2022-12-12 14:49:08,"有設置人行道或騎樓","騎樓","輪椅可以通行（寬於100公分）","私人佔用（臨時停車）","無人行道或騎樓","有時如此(49~30%)","",,,https://commutag.agawork.tw//static/upload/dataset/63528cc34f042e88cc951433/image/6396cee4424d510830df6332.jpg
"00145.jpg",25.12949228002361,121.73796348359026,2022-12-07 16:42:00,,"6396c7f4424d515654df62da_王柏文",,"",,2022-12-12 14:49:13,2022-12-12 14:49:13,"有設置人行道或騎樓","騎樓","輪椅無法通行（窄於100公分）","私人佔用（商家、住家）","有自行車行駛","常如此(79~50%)","採購日用",,,https://commutag.agawork.tw//static/upload/dataset/63528cc34f042e88cc951433/image/6396cee9424d512069df6333.jpg
"00146.jpg",25.0950633,121.7172828,2022-12-07 16:42:00,,"6396c85d424d51e367df62e6_嘉宏 21洪",,"",,2022-12-12 14:49:29,2022-12-12 14:49:29,"沒有設置人行道或騎樓","沒有人行道或騎樓","沒有人行道或騎樓","私人佔用（商家、住家）","無人行道或騎樓","總是如此(100%~95%)","工作",,,https://commutag.agawork.tw//static/upload/dataset/63528cc34f042e88cc951433/image/6396cef9424d51c0a2df6335.jpg
"00147.jpg",25.129127464851017,121.73823058605196,2022-12-12 14:48:00,,"6396c843424d517783df62e3_14 謝伊玲",,"",,2022-12-12 14:49:56,2022-12-12 14:49:56,"有設置人行道或騎樓",,"輪椅可以通行（寬於100公分）","私人佔用（臨時停車）","有汽車行駛","通常如此(94~80%)","通學|工作",,,https://commutag.agawork.tw//static/upload/dataset/63528cc34f042e88cc951433/image/6396cf14424d51ffa5df6336.jpg
"00148.jpg",25.0950266,121.7173222,2022-12-07 16:29:00,,"6396c85d424d51e367df62e6_嘉宏 21洪",,"",,2022-12-12 14:50:57,2022-12-12 14:50:57,"沒有設置人行道或騎樓",,"沒有人行道或騎樓","沒有人行道或騎樓|私人佔用（臨時停車）","無人行道或騎樓","總是如此(100%~95%)","",,,https://commutag.agawork.tw//static/upload/dataset/63528cc34f042e88cc951433/image/6396cf51424d512e96df6339.jpg
"00149.jpg",25.129664128152065,121.73812061548234,2022-12-07 16:45:00,,"6396c7e9424d518918df62d9_喬欣 07張",,"",,2022-12-12 14:51:43,2022-12-12 14:51:43,"沒有設置人行道或騎樓","沒有人行道或騎樓","輪椅無法通行（窄於100公分）","沒有人行道或騎樓","有汽車行駛","常如此(79~50%)","",,,https://commutag.agawork.tw//static/upload/dataset/63528cc34f042e88cc951433/image/6396cf7f424d51ceecdf633b.jpg
"00150.jpg",25.12921974196657,121.73787117004395,2022-12-12 14:50:00,,"6396c843424d517783df62e3_14 謝伊玲",,"",,2022-12-12 14:52:01,2022-12-12 14:52:01,"有設置人行道或騎樓",,"輪椅無法通行（窄於100公分）","公共設施阻礙（機電設備）","無人行道或騎樓","通常如此(94~80%)","其他",,,https://commutag.agawork.tw//static/upload/dataset/63528cc34f042e88cc951433/image/6396cf91424d511f60df633c.jpg
"00151.jpg",25.130009731857285,121.74045847649782,2022-12-07 16:55:00,,"6396c7f4424d515654df62da_王柏文",,"",,2022-12-12 14:52:02,2022-12-12 14:52:02,"有設置人行道或騎樓","實體人行道(無實體分隔)","輪椅可以通行（寬於100公分）","私人佔用（商家、住家）","無人行道或騎樓","有時如此(49~30%)","採購食物|休閒",,,https://commutag.agawork.tw//static/upload/dataset/63528cc34f042e88cc951433/image/6396cf92424d5108bddf633d.jpg
"00152.jpg",25.12918331679769,121.738058924675,2022-12-07 16:43:00,,"6396c7e9424d518918df62d9_喬欣 07張",,"",,2022-12-12 14:53:34,2022-12-12 14:53:34,"有設置人行道或騎樓","騎樓","輪椅無法通行（窄於100公分）","私人佔用（臨時停車）","無車輛行駛","通常如此(94~80%)","",,,https://commutag.agawork.tw//static/upload/dataset/63528cc34f042e88cc951433/image/6396cfee424d513692df633e.jpg
"00153.jpg",25.131337239779864,121.73934102058412,2022-12-12 14:52:00,,"6396c843424d517783df62e3_14 謝伊玲",,"",,2022-12-12 14:53:42,2022-12-12 14:53:42,"有設置人行道或騎樓","沒有人行道或騎樓","沒有人行道或騎樓","沒有人行道或騎樓","無人行道或騎樓","通常如此(94~80%)","工作",,,https://commutag.agawork.tw//static/upload/dataset/63528cc34f042e88cc951433/image/6396cff6424d516e20df633f.jpg
"00154.jpg",,,2022-12-07 16:43:00,,"6396c7f4424d515654df62da_王柏文","6220a7e810be1548e5c8d09a_中梅 韓","","符合規定",2022-12-12 14:54:26,2022-12-18 09:46:41,"有設置人行道或騎樓","騎樓","輪椅可以通行（寬於100公分）","私人佔用（臨時停車）","有機車行駛","偶爾如此(29~10%)","通學|採購日用|工作",,,https://commutag.agawork.tw//static/upload/dataset/63528cc34f042e88cc951433/image/6396d022424d5133ffdf6340.jpg
"00155.jpg",25.131471605856053,121.7397469283242,2022-12-07 16:29:00,,"6396c7fe424d512b39df62dd_余虹萱","6220a7e810be1548e5c8d09a_中梅 韓","","不符規定|資料有誤",2022-12-12 14:55:35,2022-12-18 09:45:57,"沒有設置人行道或騎樓","實體人行道(有實體分隔)","輪椅無法通行（窄於100公分）","私人佔用（商家、住家）|私人佔用（臨時停車）","無車輛行駛","常如此(79~50%)","採購日用|工作|親子活動|就醫、照護|通學|採購食物|休閒",,,https://commutag.agawork.tw//static/upload/dataset/63528cc34f042e88cc951433/image/6396d067424d51316edf6343.jpg
"00156.jpg",25.130685499104498,121.74070269184594,2022-12-07 16:58:00,,"6396c7f4424d515654df62da_王柏文","6220a7e810be1548e5c8d09a_中梅 韓","","符合規定",2022-12-12 14:57:07,2022-12-18 09:46:20,"有設置人行道或騎樓","實體人行道(無實體分隔)","輪椅可以通行（寬於100公分）","私人佔用（臨時停車）","有汽車行駛","通常如此(94~80%)","採購食物|採購日用",,,https://commutag.agawork.tw//static/upload/dataset/63528cc34f042e88cc951433/image/6396d0c3424d51716adf6344.jpg
"00157.jpg",25.12910965702797,121.73817157745363,2022-12-07 16:43:00,,"6396c7fe424d512b39df62dd_余虹萱","6220a7e810be1548e5c8d09a_中梅 韓","","符合規定",2022-12-12 14:59:32,2022-12-18 09:46:11,"有設置人行道或騎樓","騎樓","輪椅可以通行（寬於100公分）","私人佔用（臨時停車）","有機車行駛","常如此(79~50%)","親子活動|就醫、照護|通學|採購食物|採購日用|休閒|工作",,,https://commutag.agawork.tw//static/upload/dataset/63528cc34f042e88cc951433/image/6396d154424d51ecdbdf6347.jpg
"00158.jpg",,,2022-12-07 17:00:00,,"6396c7f4424d515654df62da_王柏文","6220a7e810be1548e5c8d09a_中梅 韓","","符合規定",2022-12-12 15:01:51,2022-12-18 09:45:04,"有設置人行道或騎樓","實體人行道(無實體分隔)","輪椅無法通行（窄於100公分）","公共設施阻礙（機電設備）|私人佔用（商家、住家）","無人行道或騎樓","總是如此(100%~95%)","採購日用|採購食物",,,https://commutag.agawork.tw//static/upload/dataset/63528cc34f042e88cc951433/image/6396d1df424d5165ffdf6349.jpg
"00159.jpg",25.128110793167206,121.75068318847252,2022-12-07 16:59:00,,"6396c7fe424d512b39df62dd_余虹萱","6220a7e810be1548e5c8d09a_中梅 韓","","",2022-12-12 15:03:16,2022-12-18 09:44:44,"有設置人行道或騎樓","騎樓","輪椅可以通行（寬於100公分）","私人佔用（臨時停車）","有機車行駛","常如此(79~50%)","親子活動|就醫、照護|採購日用|採購食物|通學|工作|休閒",,,https://commutag.agawork.tw//static/upload/dataset/63528cc34f042e88cc951433/image/6396d234424d515b8cdf634b.jpg
"00160.jpg",25.094093120095586,121.71601870502343,2022-12-12 16:00:00,,"6396c7f9424d5144bedf62dc_李佩瑤","6220a7e810be1548e5c8d09a_中梅 韓","","符合規定",2022-12-12 16:05:13,2022-12-18 09:44:32,"有設置人行道或騎樓","標線人行道(無實體分隔)","沒有人行道或騎樓","沒有人行道或騎樓","有汽車行駛","通常如此(94~80%)","其他",,,https://commutag.agawork.tw//static/upload/dataset/63528cc34f042e88cc951433/image/6396e0b9424d5141b9df634c.jpg
"00161.jpg",25.093259784891274,121.71433508920823,2022-12-12 16:13:00,,"6396c7f9424d5144bedf62dc_李佩瑤","6220a7e810be1548e5c8d09a_中梅 韓","","符合規定|資料有誤",2022-12-12 16:15:00,2022-12-18 09:44:16,"有設置人行道或騎樓","實體人行道(無實體分隔)","輪椅無法通行（窄於100公分）","私人佔用（臨時停車）","有汽車行駛","總是如此(100%~95%)","其他",,,https://commutag.agawork.tw//static/upload/dataset/63528cc34f042e88cc951433/image/6396e304424d512e3edf634d.jpg
